<?xml version="1.0" encoding="UTF-8" ?>
<!DOCTYPE log4j:configuration SYSTEM "log4j.dtd">

<log4j:configuration xmlns:log4j="http://jakarta.apache.org/log4j/">

	<appender name="CONSOLE" class="org.apache.log4j.ConsoleAppender">
		<param name="Threshold" value="DEBUG" />
		<layout class="org.apache.log4j.PatternLayout">
			<param name="ConversionPattern" value="[encoding-test] %-5p %m%n" />
		</layout>
	</appender>

	<logger name="org.springframework">
		<level value="INFO" />
	</logger>


	<logger name="sample">
		<level value="DEBUG" />
	</logger>

	<!-- Tests -->
	<logger name="org.jbehave">
		<level value="DEBUG" />
	</logger>

	<root>
		<level value="DEBUG" />
		<appender-ref ref="CONSOLE" />
	</root>

</log4j:configuration>
