{
    "capabilities":
    [
        {
            "browserName": "firefox",
            "acceptSslCerts": true,
            "javascriptEnabled": true,
            "takesScreenshot": false,
            "browser-version": "26",  
            "platform": "WINDOWS",                     
            "maxInstances": 3
        },
        {
            "browserName": "chrome",
                        "acceptSslCerts": true,
                        "browser-version": "31",
            "maxInstances": 3,
            "platform": "WINDOWS"
        },
        {
            "browserName": "internetExplorer",
                        "acceptSslCerts": true,
            "maxInstances": 3,
            "platform": "WINDOWS"
        }
    ],
    "configuration":
    {
        "_comment" : "This is configuration for the grid node 1.",
        "cleanUpCycle": 2000,
        "timeout": 30000,
        "proxy": "org.openqa.grid.selenium.proxy.DefaultRemoteProxy",
        "port": 5555,
        "host": ip,
        "register": true,
        "hubPort": 4444,
        "maxSessions": 5
    }
}

