{
    "capabilities":
    [
        {
            "browserName": "firefox",
            "acceptSslCerts": true,
            "javascriptEnabled": true,
            "takesScreenshot": false,
            "firefox_profile": "",
            "browser-version": "26",  
            "platform": "LINUX",                     
            "maxInstances": 5
        },
        {
            "browserName": "chrome",
			"browser-version": "31",
            "maxInstances": 5,
            "platform": "LINUX"
        }
    ],
    "configuration":
    {
        "_comment" : "This is configuration for the grid node 1 on Linux.",
        "cleanUpCycle": 2000,
        "timeout": 30000,
        "port": 5555,
        "proxy": "org.openqa.grid.selenium.proxy.DefaultRemoteProxy",
        "host": ip,
        "register": true,
        "hubPort": 4444,
        "maxSessions": 5
    }
}
