<?xml version="1.0" encoding="UTF-8"?>
<beans xmlns="http://www.springframework.org/schema/beans"
  xmlns:xsi="http://www.w3.org/2001/XMLSchema-instance" xmlns:jbehave="http://jbehave.org/schemas/spring"
  xsi:schemaLocation="http://www.springframework.org/schema/beans
           http://www.springframework.org/schema/beans/spring-beans-2.5.xsd
           http://jbehave.org/schemas/spring http://jbehave.org/schemas/spring/jbehave-spring-1.0.xsd">

  <jbehave:embedder id="embedder">
    <jbehave:classpathLoader>target/classes</jbehave:classpathLoader>
    <jbehave:output>TXT</jbehave:output>
    <jbehave:output>HTML</jbehave:output>
    <jbehave:output>CONSOLE</jbehave:output>
  </jbehave:embedder>

  <bean class="org.jbehave.core.steps.ParameterConverters$DateConverter">
    <constructor-arg>
      <bean class="java.text.SimpleDateFormat">
        <constructor-arg value="yyyy-MM-dd" />
      </bean>
    </constructor-arg>
  </bean>

</beans>
