<?xml version="1.0" encoding="UTF-8"?>
<beans xmlns="http://www.springframework.org/schema/beans"
  xmlns:xsi="http://www.w3.org/2001/XMLSchema-instance"
  xsi:schemaLocation="http://www.springframework.org/schema/beans
           http://www.springframework.org/schema/beans/spring-beans-2.5.xsd">


  <bean class="org.jbehave.examples.trader.steps.BeforeAfterSteps" />

  <bean class="org.jbehave.examples.trader.steps.AndSteps" />

  <bean class="org.jbehave.examples.trader.steps.CalendarSteps" />

  <bean class="org.jbehave.examples.trader.steps.CompositeSteps" />

  <bean class="org.jbehave.examples.trader.steps.PendingSteps" />

  <bean class="org.jbehave.examples.trader.steps.PriorityMatchingSteps" />

  <bean class="org.jbehave.examples.trader.steps.SandpitSteps" />

  <bean class="org.jbehave.examples.trader.steps.SearchSteps" />

  <bean id="traderSteps" class="org.jbehave.examples.trader.steps.TraderSteps">
    <constructor-arg>
      <bean class="org.jbehave.examples.trader.service.TradingService"/>
    </constructor-arg>
  </bean>

  <!-- Abstract steps will be ignored -->
  <bean class="org.jbehave.examples.trader.steps.AbstractSteps" abstract="true" />

</beans>